scene	scene_path	level_file
Pre_Menu_Intro	Assets/Scenes/Pre_Menu_Intro.unity	level0
Menu_Title	Assets/Scenes/Menu_Title.unity	level1
Quit_To_Menu	Assets/Scenes/Quit_To_Menu.unity	level2
BetaEnd	Assets/Scenes/BetaEnd.unity	level3
Knight_Pickup	Assets/Scenes/Data/Knight_Pickup.unity	level4
Opening_Sequence	Assets/Scenes/Opening_Sequence.unity	level5
Tutorial_01	Assets/Scenes/Tutorial_01.unity	level6
Town	Assets/Scenes/Town.unity	level7
Cinematic_Stag_travel	Assets/Scenes/Cinematic_Stag_travel.unity	level8
Room_Town_Stag_Station	Assets/Scenes/Room_Town_Stag_Station.unity	level9
Room_Charm_Shop	Assets/Scenes/Room_Charm_Shop.unity	level10
Room_Mender_House	Assets/Scenes/Room_Mender_House.unity	level11
Room_mapper	Assets/Scenes/Room_mapper.unity	level12
Room_nailmaster	Assets/Scenes/Room_nailmaster.unity	level13
Room_nailmaster_02	Assets/Scenes/Room_nailmaster_02.unity	level14
Room_nailmaster_03	Assets/Scenes/Room_nailmaster_03.unity	level15
Room_nailsmith	Assets/Scenes/Room_nailsmith.unity	level16
Room_shop	Assets/Scenes/Room_shop.unity	level17
Room_Sly_Storeroom	Assets/Scenes/Room_Sly_Storeroom.unity	level18
Room_temple	Assets/Scenes/Room_temple.unity	level19
Room_ruinhouse	Assets/Scenes/Room_ruinhouse.unity	level20
Room_Mask_Maker	Assets/Scenes/Room_Mask_Maker.unity	level21
Room_Mansion	Assets/Scenes/Room_Mansion.unity	level22
Room_Tram	Assets/Scenes/Room_Tram.unity	level23
Room_Tram_RG	Assets/Scenes/Room_Tram_RG.unity	level24
Room_Bretta	Assets/Scenes/Room_Bretta.unity	level25
Room_Bretta_Basement	Assets/Scenes/Room_Bretta_Basement.unity	level26
Room_Fungus_Shaman	Assets/Scenes/Room_Fungus_Shaman.unity	level27
Room_Ouiji	Assets/Scenes/Room_Ouiji.unity	level28
Room_Jinn	Assets/Scenes/Room_Jinn.unity	level29
Room_Colosseum_01	Assets/Scenes/Room_Colosseum_01.unity	level30
Room_Colosseum_02	Assets/Scenes/Room_Colosseum_02.unity	level31
Room_Colosseum_Bronze	Assets/Scenes/Room_Colosseum_Bronze.unity	level32
Room_Colosseum_Silver	Assets/Scenes/Room_Colosseum_Silver.unity	level33
Room_Colosseum_Gold	Assets/Scenes/Room_Colosseum_Gold.unity	level34
Room_Colosseum_Spectate	Assets/Scenes/Room_Colosseum_Spectate.unity	level35
Room_Slug_Shrine	Assets/Scenes/Room_Slug_Shrine.unity	level36
Crossroads_01	Assets/Scenes/Crossroads/Crossroads_01.unity	level37
Crossroads_02	Assets/Scenes/Crossroads/Crossroads_02.unity	level38
Crossroads_03	Assets/Scenes/Crossroads/Crossroads_03.unity	level39
Crossroads_04	Assets/Scenes/Crossroads/Crossroads_04.unity	level40
Crossroads_05	Assets/Scenes/Crossroads/Crossroads_05.unity	level41
Crossroads_06	Assets/Scenes/Crossroads/Crossroads_06.unity	level42
Crossroads_07	Assets/Scenes/Crossroads/Crossroads_07.unity	level43
Crossroads_08	Assets/Scenes/Crossroads/Crossroads_08.unity	level44
Crossroads_09	Assets/Scenes/Crossroads/Crossroads_09.unity	level45
Crossroads_10	Assets/Scenes/Crossroads/Crossroads_10.unity	level46
Crossroads_10_preload	Assets/Scenes/Crossroads/Crossroads_10_preload.unity	level47
Crossroads_10_boss	Assets/Scenes/Crossroads/Crossroads_10_boss.unity	level48
Crossroads_10_boss_defeated	Assets/Scenes/Crossroads/Crossroads_10_boss_defeated.unity	level49
Crossroads_11_alt	Assets/Scenes/Crossroads/Crossroads_11_alt.unity	level50
Crossroads_12	Assets/Scenes/Crossroads/Crossroads_12.unity	level51
Crossroads_13	Assets/Scenes/Crossroads/Crossroads_13.unity	level52
Crossroads_14	Assets/Scenes/Crossroads/Crossroads_14.unity	level53
Crossroads_15	Assets/Scenes/Crossroads/Crossroads_15.unity	level54
Crossroads_16	Assets/Scenes/Crossroads/Crossroads_16.unity	level55
Crossroads_18	Assets/Scenes/Crossroads/Crossroads_18.unity	level56
Crossroads_19	Assets/Scenes/Crossroads/Crossroads_19.unity	level57
Crossroads_21	Assets/Scenes/Crossroads/Crossroads_21.unity	level58
Crossroads_22	Assets/Scenes/Crossroads/Crossroads_22.unity	level59
Crossroads_25	Assets/Scenes/Crossroads/Crossroads_25.unity	level60
Crossroads_27	Assets/Scenes/Crossroads/Crossroads_27.unity	level61
Crossroads_30	Assets/Scenes/Crossroads/Crossroads_30.unity	level62
Crossroads_31	Assets/Scenes/Crossroads/Crossroads_31.unity	level63
Crossroads_33	Assets/Scenes/Crossroads/Crossroads_33.unity	level64
Crossroads_35	Assets/Scenes/Crossroads/Crossroads_35.unity	level65
Crossroads_36	Assets/Scenes/Crossroads/Crossroads_36.unity	level66
Crossroads_37	Assets/Scenes/Crossroads/Crossroads_37.unity	level67
Crossroads_38	Assets/Scenes/Crossroads/Crossroads_38.unity	level68
Crossroads_39	Assets/Scenes/Crossroads/Crossroads_39.unity	level69
Crossroads_40	Assets/Scenes/Crossroads/Crossroads_40.unity	level70
Crossroads_42	Assets/Scenes/Crossroads/Crossroads_42.unity	level71
Crossroads_43	Assets/Scenes/Crossroads/Crossroads_43.unity	level72
Crossroads_45	Assets/Scenes/Crossroads/Crossroads_45.unity	level73
Crossroads_46	Assets/Scenes/Crossroads/Crossroads_46.unity	level74
Crossroads_46b	Assets/Scenes/Crossroads/Crossroads_46b.unity	level75
Crossroads_ShamanTemple	Assets/Scenes/Crossroads/Crossroads_ShamanTemple.unity	level76
Crossroads_47	Assets/Scenes/Crossroads/Crossroads_47.unity	level77
Crossroads_48	Assets/Scenes/Crossroads/Crossroads_48.unity	level78
Crossroads_49	Assets/Scenes/Crossroads/Crossroads_49.unity	level79
Crossroads_49b	Assets/Scenes/Crossroads/Crossroads_49b.unity	level80
Crossroads_50	Assets/Scenes/Crossroads/Crossroads_50.unity	level81
Crossroads_52	Assets/Scenes/Crossroads/Crossroads_52.unity	level82
Ruins_House_01	Assets/Scenes/City/Ruins_House_01.unity	level83
Ruins_House_02	Assets/Scenes/City/Ruins_House_02.unity	level84
Ruins_House_03	Assets/Scenes/City/Ruins_House_03.unity	level85
Ruins_Elevator	Assets/Scenes/City/Ruins_Elevator.unity	level86
Ruins_Bathhouse	Assets/Scenes/City/Ruins_Bathhouse.unity	level87
Ruins1_01	Assets/Scenes/City/Ruins1_01.unity	level88
Ruins1_02	Assets/Scenes/City/Ruins1_02.unity	level89
Ruins1_03	Assets/Scenes/City/Ruins1_03.unity	level90
Ruins1_04	Assets/Scenes/City/Ruins1_04.unity	level91
Ruins1_05	Assets/Scenes/City/Ruins1_05.unity	level92
Ruins1_05b	Assets/Scenes/City/Ruins1_05b.unity	level93
Ruins1_05c	Assets/Scenes/City/Ruins1_05c.unity	level94
Ruins1_06	Assets/Scenes/City/Ruins1_06.unity	level95
Ruins1_09	Assets/Scenes/City/Ruins1_09.unity	level96
Ruins1_17	Assets/Scenes/City/Ruins1_17.unity	level97
Ruins1_18	Assets/Scenes/City/Ruins1_18.unity	level98
Ruins1_23	Assets/Scenes/City/Ruins1_23.unity	level99
Ruins1_30	Assets/Scenes/City/Ruins1_30.unity	level100
Ruins1_24	Assets/Scenes/City/Ruins1_24.unity	level101
Ruins1_24_boss	Assets/Scenes/City/Ruins1_24_boss.unity	level102
Ruins1_24_boss_defeated	Assets/Scenes/City/Ruins1_24_boss_defeated.unity	level103
Ruins1_25	Assets/Scenes/City/Ruins1_25.unity	level104
Ruins1_27	Assets/Scenes/City/Ruins1_27.unity	level105
Ruins1_28	Assets/Scenes/City/Ruins1_28.unity	level106
Ruins1_29	Assets/Scenes/City/Ruins1_29.unity	level107
Ruins1_31	Assets/Scenes/City/Ruins1_31.unity	level108
Ruins1_31b	Assets/Scenes/City/Ruins1_31b.unity	level109
Ruins1_32	Assets/Scenes/City/Ruins1_32.unity	level110
Ruins2_01	Assets/Scenes/City/Ruins2_01.unity	level111
Ruins2_01_b	Assets/Scenes/City/Ruins2_01_b.unity	level112
Ruins2_03	Assets/Scenes/City/Ruins2_03.unity	level113
Ruins2_03b	Assets/Scenes/City/Ruins2_03b.unity	level114
Ruins2_03_boss	Assets/Scenes/City/Ruins2_03_boss.unity	level115
Ruins2_04	Assets/Scenes/City/Ruins2_04.unity	level116
Ruins2_05	Assets/Scenes/City/Ruins2_05.unity	level117
Ruins2_06	Assets/Scenes/City/Ruins2_06.unity	level118
Ruins2_07	Assets/Scenes/City/Ruins2_07.unity	level119
Ruins2_08	Assets/Scenes/City/Ruins2_08.unity	level120
Ruins2_09	Assets/Scenes/City/Ruins2_09.unity	level121
Ruins2_10	Assets/Scenes/City/Ruins2_10.unity	level122
Ruins2_10b	Assets/Scenes/City/Ruins2_10b.unity	level123
Ruins2_11	Assets/Scenes/City/Ruins2_11.unity	level124
Ruins2_11_b	Assets/Scenes/City/Ruins2_11_b.unity	level125
Ruins2_11_boss	Assets/Scenes/City/Ruins2_11_boss.unity	level126
Ruins2_Watcher_Room	Assets/Scenes/City/Ruins2_Watcher_Room.unity	level127
Fungus1_01	Assets/Scenes/Fungus/Fungus1_01.unity	level128
Fungus1_01b	Assets/Scenes/Fungus/Fungus1_01b.unity	level129
Fungus1_02	Assets/Scenes/Fungus/Fungus1_02.unity	level130
Fungus1_03	Assets/Scenes/Fungus/Fungus1_03.unity	level131
Fungus1_04	Assets/Scenes/Fungus/Fungus1_04.unity	level132
Fungus1_04_boss	Assets/Scenes/Fungus/Fungus1_04_boss.unity	level133
Fungus1_05	Assets/Scenes/Fungus/Fungus1_05.unity	level134
Fungus1_06	Assets/Scenes/Fungus/Fungus1_06.unity	level135
Fungus1_07	Assets/Scenes/Fungus/Fungus1_07.unity	level136
Fungus1_08	Assets/Scenes/Fungus/Fungus1_08.unity	level137
Fungus1_09	Assets/Scenes/Fungus/Fungus1_09.unity	level138
Fungus1_10	Assets/Scenes/Fungus/Fungus1_10.unity	level139
Fungus1_11	Assets/Scenes/Fungus/Fungus1_11.unity	level140
Fungus1_12	Assets/Scenes/Fungus/Fungus1_12.unity	level141
Fungus1_13	Assets/Scenes/Fungus/Fungus1_13.unity	level142
Fungus1_14	Assets/Scenes/Fungus/Fungus1_14.unity	level143
Fungus1_15	Assets/Scenes/Fungus/Fungus1_15.unity	level144
Fungus1_16_alt	Assets/Scenes/Fungus/Fungus1_16_alt.unity	level145
Fungus1_17	Assets/Scenes/Fungus/Fungus1_17.unity	level146
Fungus1_19	Assets/Scenes/Fungus/Fungus1_19.unity	level147
Fungus1_20_v02	Assets/Scenes/Fungus/Fungus1_20_v02.unity	level148
Fungus1_21	Assets/Scenes/Fungus/Fungus1_21.unity	level149
Fungus1_22	Assets/Scenes/Fungus/Fungus1_22.unity	level150
Fungus1_23	Assets/Scenes/Fungus/Fungus1_23.unity	level151
Fungus1_24	Assets/Scenes/Fungus/Fungus1_24.unity	level152
Fungus1_25	Assets/Scenes/Fungus/Fungus1_25.unity	level153
Fungus1_26	Assets/Scenes/Fungus/Fungus1_26.unity	level154
Fungus1_28	Assets/Scenes/Fungus/Fungus1_28.unity	level155
Fungus1_29	Assets/Scenes/Fungus/Fungus1_29.unity	level156
Fungus1_30	Assets/Scenes/Fungus/Fungus1_30.unity	level157
Fungus1_31	Assets/Scenes/Fungus/Fungus1_31.unity	level158
Fungus1_32	Assets/Scenes/Fungus/Fungus1_32.unity	level159
Fungus1_34	Assets/Scenes/Fungus/Fungus1_34.unity	level160
Fungus1_35	Assets/Scenes/Fungus/Fungus1_35.unity	level161
Fungus1_36	Assets/Scenes/Fungus/Fungus1_36.unity	level162
Fungus1_37	Assets/Scenes/Fungus/Fungus1_37.unity	level163
Fungus1_Slug	Assets/Scenes/Fungus/Fungus1_Slug.unity	level164
Fungus2_01	Assets/Scenes/Fungus/Fungus2_01.unity	level165
Fungus2_02	Assets/Scenes/Fungus/Fungus2_02.unity	level166
Fungus2_03	Assets/Scenes/Fungus/Fungus2_03.unity	level167
Fungus2_04	Assets/Scenes/Fungus/Fungus2_04.unity	level168
Fungus2_05	Assets/Scenes/Fungus/Fungus2_05.unity	level169
Fungus2_06	Assets/Scenes/Fungus/Fungus2_06.unity	level170
Fungus2_07	Assets/Scenes/Fungus/Fungus2_07.unity	level171
Fungus2_08	Assets/Scenes/Fungus/Fungus2_08.unity	level172
Fungus2_09	Assets/Scenes/Fungus/Fungus2_09.unity	level173
Fungus2_10	Assets/Scenes/Fungus/Fungus2_10.unity	level174
Fungus2_11	Assets/Scenes/Fungus/Fungus2_11.unity	level175
Fungus2_12	Assets/Scenes/Fungus/Fungus2_12.unity	level176
Fungus2_13	Assets/Scenes/Fungus/Fungus2_13.unity	level177
Fungus2_14	Assets/Scenes/Fungus/Fungus2_14.unity	level178
Fungus2_15	Assets/Scenes/Fungus/Fungus2_15.unity	level179
Fungus2_15_boss	Assets/Scenes/Fungus/Fungus2_15_boss.unity	level180
Fungus2_15_boss_defeated	Assets/Scenes/Fungus/Fungus2_15_boss_defeated.unity	level181
Fungus2_17	Assets/Scenes/Fungus/Fungus2_17.unity	level182
Fungus2_18	Assets/Scenes/Fungus/Fungus2_18.unity	level183
Fungus2_19	Assets/Scenes/Fungus/Fungus2_19.unity	level184
Fungus2_20	Assets/Scenes/Fungus/Fungus2_20.unity	level185
Fungus2_21	Assets/Scenes/Fungus/Fungus2_21.unity	level186
Fungus2_23	Assets/Scenes/Fungus/Fungus2_23.unity	level187
Fungus2_25	Assets/Scenes/Fungus/Fungus2_25.unity	level188
Fungus2_26	Assets/Scenes/Fungus/Fungus2_26.unity	level189
Fungus2_28	Assets/Scenes/Fungus/Fungus2_28.unity	level190
Fungus2_29	Assets/Scenes/Fungus/Fungus2_29.unity	level191
Fungus2_30	Assets/Scenes/Fungus/Fungus2_30.unity	level192
Fungus2_31	Assets/Scenes/Fungus/Fungus2_31.unity	level193
Fungus2_32	Assets/Scenes/Fungus/Fungus2_32.unity	level194
Fungus2_33	Assets/Scenes/Fungus/Fungus2_33.unity	level195
Fungus2_34	Assets/Scenes/Fungus/Fungus2_34.unity	level196
Fungus3_01	Assets/Scenes/Fungus/Fungus3_01.unity	level197
Fungus3_02	Assets/Scenes/Fungus/Fungus3_02.unity	level198
Fungus3_03	Assets/Scenes/Fungus/Fungus3_03.unity	level199
Fungus3_04	Assets/Scenes/Fungus/Fungus3_04.unity	level200
Fungus3_05	Assets/Scenes/Fungus/Fungus3_05.unity	level201
Fungus3_08	Assets/Scenes/Fungus/Fungus3_08.unity	level202
Fungus3_10	Assets/Scenes/Fungus/Fungus3_10.unity	level203
Fungus3_11	Assets/Scenes/Fungus/Fungus3_11.unity	level204
Fungus3_13	Assets/Scenes/Fungus/Fungus3_13.unity	level205
Fungus3_21	Assets/Scenes/Fungus/Fungus3_21.unity	level206
Fungus3_22	Assets/Scenes/Fungus/Fungus3_22.unity	level207
Fungus3_23	Assets/Scenes/Fungus/Fungus3_23.unity	level208
Fungus3_23_boss	Assets/Scenes/Fungus/Fungus3_23_boss.unity	level209
Fungus3_24	Assets/Scenes/Fungus/Fungus3_24.unity	level210
Fungus3_25	Assets/Scenes/Fungus/Fungus3_25.unity	level211
Fungus3_25b	Assets/Scenes/Fungus/Fungus3_25b.unity	level212
Fungus3_26	Assets/Scenes/Fungus/Fungus3_26.unity	level213
Fungus3_27	Assets/Scenes/Fungus/Fungus3_27.unity	level214
Fungus3_28	Assets/Scenes/Fungus/Fungus3_28.unity	level215
Fungus3_30	Assets/Scenes/Fungus/Fungus3_30.unity	level216
Fungus3_34	Assets/Scenes/Fungus/Fungus3_34.unity	level217
Fungus3_35	Assets/Scenes/Fungus/Fungus3_35.unity	level218
Fungus3_39	Assets/Scenes/Fungus/Fungus3_39.unity	level219
Fungus3_40	Assets/Scenes/Fungus/Fungus3_40.unity	level220
Fungus3_40_boss	Assets/Scenes/Fungus/Fungus3_40_boss.unity	level221
Fungus3_44	Assets/Scenes/Fungus/Fungus3_44.unity	level222
Fungus3_47	Assets/Scenes/Fungus/Fungus3_47.unity	level223
Fungus3_48	Assets/Scenes/Fungus/Fungus3_48.unity	level224
Fungus3_49	Assets/Scenes/Fungus/Fungus3_49.unity	level225
Fungus3_50	Assets/Scenes/Fungus/Fungus3_50.unity	level226
Fungus3_archive	Assets/Scenes/Fungus/Fungus3_archive.unity	level227
Fungus3_archive_02	Assets/Scenes/Fungus/Fungus3_archive_02.unity	level228
Fungus3_archive_02_boss	Assets/Scenes/Fungus/Fungus3_archive_02_boss.unity	level229
Cliffs_01	Assets/Scenes/Cliffs/Cliffs_01.unity	level230
Cliffs_02	Assets/Scenes/Cliffs/Cliffs_02.unity	level231
Cliffs_02_boss	Assets/Scenes/Cliffs/Cliffs_02_boss.unity	level232
Cliffs_03	Assets/Scenes/Cliffs/Cliffs_03.unity	level233
Cliffs_04	Assets/Scenes/Cliffs/Cliffs_04.unity	level234
Cliffs_05	Assets/Scenes/Cliffs/Cliffs_05.unity	level235
Cliffs_06	Assets/Scenes/Cliffs/Cliffs_06.unity	level236
RestingGrounds_02	Assets/Scenes/Resting Grounds/RestingGrounds_02.unity	level237
RestingGrounds_02_boss	Assets/Scenes/Resting Grounds/RestingGrounds_02_boss.unity	level238
RestingGrounds_04	Assets/Scenes/Resting Grounds/RestingGrounds_04.unity	level239
RestingGrounds_05	Assets/Scenes/Resting Grounds/RestingGrounds_05.unity	level240
RestingGrounds_06	Assets/Scenes/Resting Grounds/RestingGrounds_06.unity	level241
RestingGrounds_07	Assets/Scenes/Resting Grounds/RestingGrounds_07.unity	level242
RestingGrounds_08	Assets/Scenes/Resting Grounds/RestingGrounds_08.unity	level243
RestingGrounds_09	Assets/Scenes/Resting Grounds/RestingGrounds_09.unity	level244
RestingGrounds_10	Assets/Scenes/Resting Grounds/RestingGrounds_10.unity	level245
RestingGrounds_12	Assets/Scenes/Resting Grounds/RestingGrounds_12.unity	level246
RestingGrounds_17	Assets/Scenes/Resting Grounds/RestingGrounds_17.unity	level247
Mines_01	Assets/Scenes/Mines/Mines_01.unity	level248
Mines_02	Assets/Scenes/Mines/Mines_02.unity	level249
Mines_03	Assets/Scenes/Mines/Mines_03.unity	level250
Mines_04	Assets/Scenes/Mines/Mines_04.unity	level251
Mines_05	Assets/Scenes/Mines/Mines_05.unity	level252
Mines_06	Assets/Scenes/Mines/Mines_06.unity	level253
Mines_07	Assets/Scenes/Mines/Mines_07.unity	level254
Mines_10	Assets/Scenes/Mines/Mines_10.unity	level255
Mines_11	Assets/Scenes/Mines/Mines_11.unity	level256
Mines_13	Assets/Scenes/Mines/Mines_13.unity	level257
Mines_16	Assets/Scenes/Mines/Mines_16.unity	level258
Mines_17	Assets/Scenes/Mines/Mines_17.unity	level259
Mines_18	Assets/Scenes/Mines/Mines_18.unity	level260
Mines_18_boss	Assets/Scenes/Mines/Mines_18_boss.unity	level261
Mines_19	Assets/Scenes/Mines/Mines_19.unity	level262
Mines_20	Assets/Scenes/Mines/Mines_20.unity	level263
Mines_23	Assets/Scenes/Mines/Mines_23.unity	level264
Mines_24	Assets/Scenes/Mines/Mines_24.unity	level265
Mines_25	Assets/Scenes/Mines/Mines_25.unity	level266
Mines_28	Assets/Scenes/Mines/Mines_28.unity	level267
Mines_29	Assets/Scenes/Mines/Mines_29.unity	level268
Mines_30	Assets/Scenes/Mines/Mines_30.unity	level269
Mines_31	Assets/Scenes/Mines/Mines_31.unity	level270
Mines_32	Assets/Scenes/Mines/Mines_32.unity	level271
Mines_33	Assets/Scenes/Mines/Mines_33.unity	level272
Mines_34	Assets/Scenes/Mines/Mines_34.unity	level273
Mines_35	Assets/Scenes/Mines/Mines_35.unity	level274
Mines_36	Assets/Scenes/Mines/Mines_36.unity	level275
Mines_37	Assets/Scenes/Mines/Mines_37.unity	level276
Deepnest_01	Assets/Scenes/Deepnest/Deepnest_01.unity	level277
Deepnest_01b	Assets/Scenes/Deepnest/Deepnest_01b.unity	level278
Deepnest_02	Assets/Scenes/Deepnest/Deepnest_02.unity	level279
Deepnest_03	Assets/Scenes/Deepnest/Deepnest_03.unity	level280
Deepnest_09	Assets/Scenes/Deepnest/Deepnest_09.unity	level281
Deepnest_10	Assets/Scenes/Deepnest/Deepnest_10.unity	level282
Deepnest_14	Assets/Scenes/Deepnest/Deepnest_14.unity	level283
Deepnest_16	Assets/Scenes/Deepnest/Deepnest_16.unity	level284
Deepnest_17	Assets/Scenes/Deepnest/Deepnest_17.unity	level285
Deepnest_26	Assets/Scenes/Deepnest/Deepnest_26.unity	level286
Deepnest_26b	Assets/Scenes/Deepnest/Deepnest_26b.unity	level287
Deepnest_30	Assets/Scenes/Deepnest/Deepnest_30.unity	level288
Deepnest_31	Assets/Scenes/Deepnest/Deepnest_31.unity	level289
Deepnest_32	Assets/Scenes/Deepnest/Deepnest_32.unity	level290
Deepnest_33	Assets/Scenes/Deepnest/Deepnest_33.unity	level291
Deepnest_34	Assets/Scenes/Deepnest/Deepnest_34.unity	level292
Deepnest_35	Assets/Scenes/Deepnest/Deepnest_35.unity	level293
Deepnest_36	Assets/Scenes/Deepnest/Deepnest_36.unity	level294
Deepnest_37	Assets/Scenes/Deepnest/Deepnest_37.unity	level295
Deepnest_38	Assets/Scenes/Deepnest/Deepnest_38.unity	level296
Deepnest_39	Assets/Scenes/Deepnest/Deepnest_39.unity	level297
Deepnest_40	Assets/Scenes/Deepnest/Deepnest_40.unity	level298
Deepnest_41	Assets/Scenes/Deepnest/Deepnest_41.unity	level299
Deepnest_42	Assets/Scenes/Deepnest/Deepnest_42.unity	level300
Deepnest_43	Assets/Scenes/Deepnest/Deepnest_43.unity	level301
Deepnest_44	Assets/Scenes/Deepnest/Deepnest_44.unity	level302
Deepnest_45_v02	Assets/Scenes/Deepnest/Deepnest_45_v02.unity	level303
Deepnest_Spider_Town	Assets/Scenes/Deepnest/Deepnest_Spider_Town.unity	level304
Room_spider_small	Assets/Scenes/Room_spider_small.unity	level305
Deepnest_East_01	Assets/Scenes/Deepnest/Deepnest_East_01.unity	level306
Deepnest_East_02	Assets/Scenes/Deepnest/Deepnest_East_02.unity	level307
Deepnest_East_03	Assets/Scenes/Deepnest/Deepnest_East_03.unity	level308
Deepnest_East_04	Assets/Scenes/Deepnest/Deepnest_East_04.unity	level309
Deepnest_East_06	Assets/Scenes/Deepnest/Deepnest_East_06.unity	level310
Deepnest_East_07	Assets/Scenes/Deepnest/Deepnest_East_07.unity	level311
Deepnest_East_08	Assets/Scenes/Deepnest/Deepnest_East_08.unity	level312
Deepnest_East_09	Assets/Scenes/Deepnest/Deepnest_East_09.unity	level313
Deepnest_East_10	Assets/Scenes/Deepnest/Deepnest_East_10.unity	level314
Deepnest_East_11	Assets/Scenes/Deepnest/Deepnest_East_11.unity	level315
Deepnest_East_12	Assets/Scenes/Deepnest/Deepnest_East_12.unity	level316
Deepnest_East_13	Assets/Scenes/Deepnest/Deepnest_East_13.unity	level317
Deepnest_East_14	Assets/Scenes/Deepnest/Deepnest_East_14.unity	level318
Deepnest_East_14b	Assets/Scenes/Deepnest/Deepnest_East_14b.unity	level319
Deepnest_East_15	Assets/Scenes/Deepnest/Deepnest_East_15.unity	level320
Deepnest_East_16	Assets/Scenes/Deepnest/Deepnest_East_16.unity	level321
Deepnest_East_17	Assets/Scenes/Deepnest/Deepnest_East_17.unity	level322
Deepnest_East_18	Assets/Scenes/Deepnest/Deepnest_East_18.unity	level323
Deepnest_East_Hornet	Assets/Scenes/Deepnest/Deepnest_East_Hornet.unity	level324
Deepnest_East_Hornet_boss	Assets/Scenes/Deepnest/Deepnest_East_Hornet_boss.unity	level325
Room_Wyrm	Assets/Scenes/Room_Wyrm.unity	level326
Abyss_01	Assets/Scenes/Abyss/Abyss_01.unity	level327
Abyss_02	Assets/Scenes/Abyss/Abyss_02.unity	level328
Abyss_03	Assets/Scenes/Abyss/Abyss_03.unity	level329
Abyss_03_b	Assets/Scenes/Abyss/Abyss_03_b.unity	level330
Abyss_03_c	Assets/Scenes/Abyss/Abyss_03_c.unity	level331
Abyss_04	Assets/Scenes/Abyss/Abyss_04.unity	level332
Abyss_05	Assets/Scenes/Abyss/Abyss_05.unity	level333
Abyss_06_Core	Assets/Scenes/Abyss/Abyss_06_Core.unity	level334
Abyss_08	Assets/Scenes/Abyss/Abyss_08.unity	level335
Abyss_09	Assets/Scenes/Abyss/Abyss_09.unity	level336
Abyss_10	Assets/Scenes/Abyss/Abyss_10.unity	level337
Abyss_12	Assets/Scenes/Abyss/Abyss_12.unity	level338
Abyss_15	Assets/Scenes/Abyss/Abyss_15.unity	level339
Abyss_16	Assets/Scenes/Abyss/Abyss_16.unity	level340
Abyss_17	Assets/Scenes/Abyss/Abyss_17.unity	level341
Abyss_18	Assets/Scenes/Abyss/Abyss_18.unity	level342
Abyss_19	Assets/Scenes/Abyss/Abyss_19.unity	level343
Abyss_20	Assets/Scenes/Abyss/Abyss_20.unity	level344
Abyss_21	Assets/Scenes/Abyss/Abyss_21.unity	level345
Abyss_22	Assets/Scenes/Abyss/Abyss_22.unity	level346
Abyss_Lighthouse_room	Assets/Scenes/Abyss/Abyss_Lighthouse_room.unity	level347
Room_Queen	Assets/Scenes/Room_Queen.unity	level348
Waterways_01	Assets/Scenes/Waterways/Waterways_01.unity	level349
Waterways_02	Assets/Scenes/Waterways/Waterways_02.unity	level350
Waterways_03	Assets/Scenes/Waterways/Waterways_03.unity	level351
Waterways_04	Assets/Scenes/Waterways/Waterways_04.unity	level352
Waterways_04b	Assets/Scenes/Waterways/Waterways_04b.unity	level353
Waterways_05	Assets/Scenes/Waterways/Waterways_05.unity	level354
Waterways_05_boss	Assets/Scenes/Waterways/Waterways_05_boss.unity	level355
Waterways_06	Assets/Scenes/Waterways/Waterways_06.unity	level356
Waterways_07	Assets/Scenes/Waterways/Waterways_07.unity	level357
Waterways_08	Assets/Scenes/Waterways/Waterways_08.unity	level358
Waterways_09	Assets/Scenes/Waterways/Waterways_09.unity	level359
Waterways_12	Assets/Scenes/Waterways/Waterways_12.unity	level360
Waterways_12_boss	Assets/Scenes/Waterways/Waterways_12_boss.unity	level361
Waterways_13	Assets/Scenes/Waterways/Waterways_13.unity	level362
Waterways_14	Assets/Scenes/Waterways/Waterways_14.unity	level363
Waterways_15	Assets/Scenes/Waterways/Waterways_15.unity	level364
White_Palace_01	Assets/Scenes/White Palace/White_Palace_01.unity	level365
White_Palace_02	Assets/Scenes/White Palace/White_Palace_02.unity	level366
White_Palace_03_hub	Assets/Scenes/White Palace/White_Palace_03_hub.unity	level367
White_Palace_04	Assets/Scenes/White Palace/White_Palace_04.unity	level368
White_Palace_05	Assets/Scenes/White Palace/White_Palace_05.unity	level369
White_Palace_06	Assets/Scenes/White Palace/White_Palace_06.unity	level370
White_Palace_07	Assets/Scenes/White Palace/White_Palace_07.unity	level371
White_Palace_08	Assets/Scenes/White Palace/White_Palace_08.unity	level372
White_Palace_09	Assets/Scenes/White Palace/White_Palace_09.unity	level373
White_Palace_11	Assets/Scenes/White Palace/White_Palace_11.unity	level374
White_Palace_12	Assets/Scenes/White Palace/White_Palace_12.unity	level375
White_Palace_13	Assets/Scenes/White Palace/White_Palace_13.unity	level376
White_Palace_14	Assets/Scenes/White Palace/White_Palace_14.unity	level377
White_Palace_15	Assets/Scenes/White Palace/White_Palace_15.unity	level378
White_Palace_16	Assets/Scenes/White Palace/White_Palace_16.unity	level379
White_Palace_17	Assets/Scenes/White Palace/White_Palace_17.unity	level380
White_Palace_18	Assets/Scenes/White Palace/White_Palace_18.unity	level381
White_Palace_19	Assets/Scenes/White Palace/White_Palace_19.unity	level382
White_Palace_20	Assets/Scenes/White Palace/White_Palace_20.unity	level383
Hive_01	Assets/Scenes/Hive/Hive_01.unity	level384
Hive_02	Assets/Scenes/Hive/Hive_02.unity	level385
Hive_03	Assets/Scenes/Hive/Hive_03.unity	level386
Hive_03_c	Assets/Scenes/Hive/Hive_03_c.unity	level387
Hive_04	Assets/Scenes/Hive/Hive_04.unity	level388
Hive_05	Assets/Scenes/Hive/Hive_05.unity	level389
Grimm_Divine	Assets/Scenes/Grimm/Grimm_Divine.unity	level390
Grimm_Main_Tent	Assets/Scenes/Grimm/Grimm_Main_Tent.unity	level391
Grimm_Main_Tent_boss	Assets/Scenes/Grimm/Grimm_Main_Tent_boss.unity	level392
Grimm_Nightmare	Assets/Scenes/Grimm/Grimm_Nightmare.unity	level393
Dream_Nailcollection	Assets/Scenes/Dream/Dream_Nailcollection.unity	level394
Dream_01_False_Knight	Assets/Scenes/Dream/Dream_01_False_Knight.unity	level395
Dream_02_Mage_Lord	Assets/Scenes/Dream/Dream_02_Mage_Lord.unity	level396
Dream_03_Infected_Knight	Assets/Scenes/Dream/Dream_03_Infected_Knight.unity	level397
Dream_04_White_Defender	Assets/Scenes/Dream/Dream_04_White_Defender.unity	level398
Dream_Mighty_Zote	Assets/Scenes/Dream/Dream_Mighty_Zote.unity	level399
Dream_Guardian_Hegemol	Assets/Scenes/Dream/Dream_Guardian_Hegemol.unity	level400
Dream_Guardian_Lurien	Assets/Scenes/Dream/Dream_Guardian_Lurien.unity	level401
Dream_Guardian_Monomon	Assets/Scenes/Dream/Dream_Guardian_Monomon.unity	level402
Cutscene_Boss_Door	Assets/Scenes/Cutscene_Boss_Door.unity	level403
Dream_Backer_Shrine	Assets/Scenes/Dream/Dream_Backer_Shrine.unity	level404
Dream_Room_Believer_Shrine	Assets/Scenes/Dream/Dream_Room_Believer_Shrine.unity	level405
Dream_Abyss	Assets/Scenes/Dream/Dream_Abyss.unity	level406
Dream_Final_Boss	Assets/Scenes/Dream/Dream_Final_Boss.unity	level407
Room_Final_Boss_Atrium	Assets/Scenes/Room_Final_Boss_Atrium.unity	level408
Room_Final_Boss_Core	Assets/Scenes/Room_Final_Boss_Core.unity	level409
Cinematic_Ending_A	Assets/Scenes/Cinematic_Ending_A.unity	level410
Cinematic_Ending_B	Assets/Scenes/Cinematic_Ending_B.unity	level411
Cinematic_Ending_C	Assets/Scenes/Cinematic_Ending_C.unity	level412
Cinematic_Ending_D	Assets/Scenes/Cinematic_Ending_D.unity	level413
Cinematic_Ending_E	Assets/Scenes/Cinematic_Ending_E.unity	level414
End_Credits	Assets/Scenes/End_Credits.unity	level415
Cinematic_MrMushroom	Assets/Scenes/Cinematic_MrMushroom.unity	level416
Menu_Credits	Assets/Scenes/Menu_Credits.unity	level417
End_Game_Completion	Assets/Scenes/End_Game_Completion.unity	level418
PermaDeath	Assets/Scenes/Data/PermaDeath.unity	level419
_test_cocoon_2	Assets/Scenes/Testing/_test_cocoon_2.unity	level420
PermaDeath_Unlock	Assets/Scenes/PermaDeath_Unlock.unity	level421
_test_cocoon_1	Assets/Scenes/Testing/_test_cocoon_1.unity	level422
GG_Waterways	Assets/Scenes/Gods_Glory/GG_Waterways.unity	level423
GG_Atrium	Assets/Scenes/Gods_Glory/GG_Atrium.unity	level424
GG_Broken_Vessel	Assets/Scenes/Gods_Glory/Bosses/GG_Broken_Vessel.unity	level425
GG_Brooding_Mawlek	Assets/Scenes/Gods_Glory/Bosses/GG_Brooding_Mawlek.unity	level426
GG_Collector	Assets/Scenes/Gods_Glory/Bosses/GG_Collector.unity	level427
GG_Crystal_Guardian	Assets/Scenes/Gods_Glory/Bosses/GG_Crystal_Guardian.unity	level428
GG_Crystal_Guardian_2	Assets/Scenes/Gods_Glory/Bosses/GG_Crystal_Guardian_2.unity	level429
GG_Dung_Defender	Assets/Scenes/Gods_Glory/Bosses/GG_Dung_Defender.unity	level430
GG_Failed_Champion	Assets/Scenes/Gods_Glory/Bosses/GG_Failed_Champion.unity	level431
GG_False_Knight	Assets/Scenes/Gods_Glory/Bosses/GG_False_Knight.unity	level432
GG_Flukemarm	Assets/Scenes/Gods_Glory/Bosses/GG_Flukemarm.unity	level433
GG_Ghost_Galien	Assets/Scenes/Gods_Glory/Bosses/GG_Ghost_Galien.unity	level434
GG_Ghost_Gorb	Assets/Scenes/Gods_Glory/Bosses/GG_Ghost_Gorb.unity	level435
GG_Ghost_Hu	Assets/Scenes/Gods_Glory/Bosses/GG_Ghost_Hu.unity	level436
GG_Ghost_Markoth	Assets/Scenes/Gods_Glory/Bosses/GG_Ghost_Markoth.unity	level437
GG_Ghost_Marmu	Assets/Scenes/Gods_Glory/Bosses/GG_Ghost_Marmu.unity	level438
GG_Ghost_No_Eyes	Assets/Scenes/Gods_Glory/Bosses/GG_Ghost_No_Eyes.unity	level439
GG_Ghost_Xero	Assets/Scenes/Gods_Glory/Bosses/GG_Ghost_Xero.unity	level440
GG_God_Tamer	Assets/Scenes/Gods_Glory/Bosses/GG_God_Tamer.unity	level441
GG_Grey_Prince_Zote	Assets/Scenes/Gods_Glory/Bosses/GG_Grey_Prince_Zote.unity	level442
GG_Grimm	Assets/Scenes/Gods_Glory/Bosses/GG_Grimm.unity	level443
GG_Grimm_Nightmare	Assets/Scenes/Gods_Glory/Bosses/GG_Grimm_Nightmare.unity	level444
GG_Gruz_Mother	Assets/Scenes/Gods_Glory/Bosses/GG_Gruz_Mother.unity	level445
GG_Hive_Knight	Assets/Scenes/Gods_Glory/Bosses/GG_Hive_Knight.unity	level446
GG_Hollow_Knight	Assets/Scenes/Gods_Glory/Bosses/GG_Hollow_Knight.unity	level447
GG_Hornet_1	Assets/Scenes/Gods_Glory/Bosses/GG_Hornet_1.unity	level448
GG_Hornet_2	Assets/Scenes/Gods_Glory/Bosses/GG_Hornet_2.unity	level449
GG_Lost_Kin	Assets/Scenes/Gods_Glory/Bosses/GG_Lost_Kin.unity	level450
GG_Lurker	Assets/Scenes/Gods_Glory/GG_Lurker.unity	level451
GG_Mantis_Lords	Assets/Scenes/Gods_Glory/Bosses/GG_Mantis_Lords.unity	level452
GG_Mega_Moss_Charger	Assets/Scenes/Gods_Glory/Bosses/GG_Mega_Moss_Charger.unity	level453
GG_Nailmasters	Assets/Scenes/Gods_Glory/GG_Nailmasters.unity	level454
GG_Nosk	Assets/Scenes/Gods_Glory/Bosses/GG_Nosk.unity	level455
GG_Oblobbles	Assets/Scenes/Gods_Glory/Bosses/GG_Oblobbles.unity	level456
GG_Painter	Assets/Scenes/Gods_Glory/GG_Painter.unity	level457
GG_Pipeway	Assets/Scenes/Gods_Glory/GG_Pipeway.unity	level458
GG_Radiance	Assets/Scenes/Gods_Glory/Bosses/GG_Radiance.unity	level459
GG_Sly	Assets/Scenes/Gods_Glory/GG_Sly.unity	level460
GG_Soul_Master	Assets/Scenes/Gods_Glory/Bosses/GG_Soul_Master.unity	level461
GG_Soul_Tyrant	Assets/Scenes/Gods_Glory/Bosses/GG_Soul_Tyrant.unity	level462
GG_Spa	Assets/Scenes/Gods_Glory/GG_Spa.unity	level463
GG_Traitor_Lord	Assets/Scenes/Gods_Glory/Bosses/GG_Traitor_Lord.unity	level464
GG_Unlock	Assets/Scenes/Gods_Glory/GG_Unlock.unity	level465
GG_Uumuu	Assets/Scenes/Gods_Glory/Bosses/GG_Uumuu.unity	level466
GG_Vengefly	Assets/Scenes/Gods_Glory/Bosses/GG_Vengefly.unity	level467
GG_Watcher_Knights	Assets/Scenes/Gods_Glory/Bosses/GG_Watcher_Knights.unity	level468
GG_White_Defender	Assets/Scenes/Gods_Glory/Bosses/GG_White_Defender.unity	level469
GG_Workshop	Assets/Scenes/Gods_Glory/GG_Workshop.unity	level470
Room_GG_Shortcut	Assets/Scenes/Gods_Glory/Room_GG_Shortcut.unity	level471
GG_End_Sequence	Assets/Scenes/Gods_Glory/GG_End_Sequence.unity	level472
GG_Atrium_Roof	Assets/Scenes/Gods_Glory/GG_Atrium_Roof.unity	level473
GG_Blue_Room	Assets/Scenes/Gods_Glory/GG_Blue_Room.unity	level474
GG_Engine	Assets/Scenes/Gods_Glory/GG_Engine.unity	level475
GG_Engine_Prime	Assets/Scenes/Gods_Glory/GG_Engine_Prime.unity	level476
GG_Engine_Root	Assets/Scenes/Gods_Glory/GG_Engine_Root.unity	level477
GG_Mage_Knight	Assets/Scenes/Gods_Glory/GG_Mage_Knight.unity	level478
GG_Vengefly_V	Assets/Scenes/Gods_Glory/Bosses/GG_Vengefly_V.unity	level479
GG_Entrance_Cutscene	Assets/Scenes/Gods_Glory/GG_Entrance_Cutscene.unity	level480
GG_Mighty_Zote	Assets/Scenes/Gods_Glory/Bosses/GG_Mighty_Zote.unity	level481
GG_Land_of_Storms	Assets/Scenes/Gods_Glory/GG_Land_of_Storms.unity	level482
GG_Boss_Door_Entrance	Assets/Scenes/Gods_Glory/GG_Boss_Door_Entrance.unity	level483
GG_Gruz_Mother_V	Assets/Scenes/Gods_Glory/Bosses/GG_Gruz_Mother_V.unity	level484
GG_Brooding_Mawlek_V	Assets/Scenes/Gods_Glory/Bosses/GG_Brooding_Mawlek_V.unity	level485
GG_Mantis_Lords_V	Assets/Scenes/Gods_Glory/Bosses/GG_Mantis_Lords_V.unity	level486
GG_Nosk_Hornet	Assets/Scenes/Gods_Glory/Bosses/GG_Nosk_Hornet.unity	level487
GG_Uumuu_V	Assets/Scenes/Gods_Glory/Bosses/GG_Uumuu_V.unity	level488
GG_Ghost_Gorb_V	Assets/Scenes/Gods_Glory/Bosses/GG_Ghost_Gorb_V.unity	level489
GG_Ghost_Markoth_V	Assets/Scenes/Gods_Glory/Bosses/GG_Ghost_Markoth_V.unity	level490
GG_Ghost_Marmu_V	Assets/Scenes/Gods_Glory/Bosses/GG_Ghost_Marmu_V.unity	level491
GG_Ghost_No_Eyes_V	Assets/Scenes/Gods_Glory/Bosses/GG_Ghost_No_Eyes_V.unity	level492
GG_Ghost_Xero_V	Assets/Scenes/Gods_Glory/Bosses/GG_Ghost_Xero_V.unity	level493
GG_Mage_Knight_V	Assets/Scenes/Gods_Glory/GG_Mage_Knight_V.unity	level494
GG_Collector_V	Assets/Scenes/Gods_Glory/Bosses/GG_Collector_V.unity	level495
GG_Nosk_V	Assets/Scenes/Gods_Glory/Bosses/GG_Nosk_V.unity	level496
GG_Wyrm	Assets/Scenes/Gods_Glory/GG_Wyrm.unity	level497
GG_Unn	Assets/Scenes/Gods_Glory/GG_Unn.unity	level498
GG_Door_5_Finale	Assets/Scenes/Gods_Glory/GG_Door_5_Finale.unity	level499
GG_Unlock_Wastes	Assets/Scenes/Gods_Glory/GG_Unlock_Wastes.unity	level500
